epoch,step,train_accuracy_epoch,train_accuracy_step,train_loss,valid_accuracy,valid_loss
0,9,,0.78125,,,
0,19,,0.75,,,
0,29,,0.78125,,,
0,39,,0.84375,,,
0,49,,0.6875,,,
0,59,,0.875,,,
0,69,,0.75,,,
0,79,,0.78125,,,
0,89,,0.78125,,,
0,99,,0.84375,,,
0,109,,0.84375,,,
0,119,,0.78125,,,
0,129,,0.84375,,,
0,139,,0.75,,,
0,149,,0.84375,,,
0,159,,0.75,,,
0,169,,0.875,,,
0,179,,0.8125,,,
0,189,,0.90625,,,
0,199,,0.8125,,,
0,209,,0.84375,,,
0,219,,0.9375,,,
0,229,,0.78125,,,
0,239,,0.75,,,
0,249,,0.774193525314331,,,
0,249,,,,0.8274999856948853,0.47533828020095825
0,249,0.8303537964820862,,0.4786040484905243,,
1,259,,0.84375,,,
1,269,,0.84375,,,
1,279,,0.90625,,,
1,289,,0.90625,,,
1,299,,0.90625,,,
1,309,,0.9375,,,
1,319,,0.90625,,,
1,329,,0.84375,,,
1,339,,0.90625,,,
1,349,,0.78125,,,
1,359,,0.96875,,,
1,369,,0.75,,,
1,379,,0.75,,,
1,389,,0.8125,,,
1,399,,0.9375,,,
1,409,,0.9375,,,
1,419,,0.8125,,,
1,429,,0.90625,,,
1,439,,0.8125,,,
1,449,,0.96875,,,
1,459,,0.875,,,
1,469,,0.84375,,,
1,479,,0.8125,,,
1,489,,0.78125,,,
1,499,,0.7419354915618896,,,
1,499,,,,0.847000002861023,0.4590369164943695
1,499,0.8358544707298279,,0.4698594808578491,,
2,509,,0.84375,,,
2,519,,0.78125,,,
2,529,,1.0,,,
2,539,,0.875,,,
2,549,,0.875,,,
2,559,,0.78125,,,
2,569,,0.875,,,
2,579,,0.78125,,,
2,589,,0.78125,,,
2,599,,0.84375,,,
2,609,,0.75,,,
2,619,,0.96875,,,
2,629,,0.90625,,,
2,639,,0.6875,,,
2,649,,0.875,,,
2,659,,0.8125,,,
2,669,,0.8125,,,
2,679,,0.78125,,,
2,689,,0.875,,,
2,699,,0.90625,,,
2,709,,0.875,,,
2,719,,0.75,,,
2,729,,0.8125,,,
2,739,,0.90625,,,
2,749,,0.7419354915618896,,,
2,749,,,,0.8454999923706055,0.4619990885257721
2,749,0.8391048908233643,,0.46983668208122253,,
3,759,,0.875,,,
3,769,,0.96875,,,
3,779,,0.8125,,,
3,789,,0.8125,,,
3,799,,0.84375,,,
3,809,,0.8125,,,
3,819,,0.875,,,
3,829,,0.90625,,,
3,839,,0.84375,,,
3,849,,0.8125,,,
3,859,,0.9375,,,
3,869,,0.875,,,
3,879,,0.65625,,,
3,889,,0.875,,,
3,899,,0.75,,,
3,909,,0.78125,,,
3,919,,0.84375,,,
3,929,,0.90625,,,
3,939,,0.875,,,
3,949,,0.875,,,
3,959,,0.875,,,
3,969,,0.90625,,,
3,979,,0.875,,,
3,989,,0.875,,,
3,999,,0.774193525314331,,,
3,999,,,,0.8364999890327454,0.46440595388412476
3,999,0.8366045951843262,,0.46839335560798645,,
4,1009,,0.78125,,,
4,1019,,0.875,,,
4,1029,,0.90625,,,
4,1039,,0.84375,,,
4,1049,,0.875,,,
4,1059,,0.75,,,
4,1069,,0.90625,,,
4,1079,,0.78125,,,
4,1089,,0.84375,,,
4,1099,,0.78125,,,
4,1109,,0.875,,,
4,1119,,0.8125,,,
4,1129,,0.71875,,,
4,1139,,0.9375,,,
4,1149,,0.9375,,,
4,1159,,0.75,,,
4,1169,,0.84375,,,
4,1179,,0.75,,,
4,1189,,0.84375,,,
4,1199,,0.875,,,
4,1209,,0.84375,,,
4,1219,,0.8125,,,
4,1229,,0.875,,,
4,1239,,0.84375,,,
4,1249,,0.8064516186714172,,,
4,1249,,,,0.8414999842643738,0.46318984031677246
4,1249,0.8389798998832703,,0.4645710587501526,,
5,1259,,0.78125,,,
5,1269,,0.8125,,,
5,1279,,0.84375,,,
5,1289,,0.8125,,,
5,1299,,0.90625,,,
5,1309,,0.875,,,
5,1319,,0.8125,,,
5,1329,,0.875,,,
5,1339,,0.78125,,,
5,1349,,0.875,,,
5,1359,,0.84375,,,
5,1369,,0.9375,,,
5,1379,,0.875,,,
5,1389,,0.90625,,,
5,1399,,0.78125,,,
5,1409,,0.84375,,,
5,1419,,0.96875,,,
5,1429,,0.78125,,,
5,1439,,0.875,,,
5,1449,,0.84375,,,
5,1459,,0.65625,,,
5,1469,,0.84375,,,
5,1479,,0.84375,,,
5,1489,,0.8125,,,
5,1499,,0.8064516186714172,,,
5,1499,,,,0.8399999737739563,0.4601898193359375
5,1499,0.8406050801277161,,0.4635138511657715,,
6,1509,,0.8125,,,
6,1519,,0.875,,,
6,1529,,0.875,,,
6,1539,,0.84375,,,
6,1549,,0.90625,,,
6,1559,,0.875,,,
6,1569,,0.84375,,,
6,1579,,0.8125,,,
6,1589,,0.84375,,,
6,1599,,0.90625,,,
6,1609,,0.71875,,,
6,1619,,0.84375,,,
6,1629,,0.90625,,,
6,1639,,0.875,,,
6,1649,,0.75,,,
6,1659,,0.78125,,,
6,1669,,0.9375,,,
6,1679,,0.78125,,,
6,1689,,0.9375,,,
6,1699,,0.9375,,,
6,1709,,0.90625,,,
6,1719,,0.875,,,
6,1729,,0.875,,,
6,1739,,0.90625,,,
6,1749,,0.9032257795333862,,,
6,1749,,,,0.8500000238418579,0.4578344225883484
6,1749,0.8414801955223083,,0.4625106453895569,,
7,1759,,0.71875,,,
7,1769,,0.78125,,,
7,1779,,0.8125,,,
7,1789,,0.78125,,,
7,1799,,0.6875,,,
7,1809,,0.875,,,
7,1819,,0.8125,,,
7,1829,,0.875,,,
7,1839,,0.84375,,,
7,1849,,0.78125,,,
7,1859,,0.8125,,,
7,1869,,0.96875,,,
7,1879,,0.8125,,,
7,1889,,0.875,,,
7,1899,,0.78125,,,
7,1909,,0.84375,,,
7,1919,,0.84375,,,
7,1929,,0.9375,,,
7,1939,,0.9375,,,
7,1949,,0.84375,,,
7,1959,,0.875,,,
7,1969,,0.96875,,,
7,1979,,0.78125,,,
7,1989,,0.78125,,,
7,1999,,0.9354838728904724,,,
7,1999,,,,0.8514999747276306,0.45673224329948425
7,1999,0.8414801955223083,,0.4636040925979614,,
8,2009,,0.84375,,,
8,2019,,0.75,,,
8,2029,,0.90625,,,
8,2039,,0.84375,,,
8,2049,,0.84375,,,
8,2059,,0.8125,,,
8,2069,,0.90625,,,
8,2079,,0.78125,,,
8,2089,,0.78125,,,
8,2099,,0.96875,,,
8,2109,,0.78125,,,
8,2119,,0.9375,,,
8,2129,,0.8125,,,
8,2139,,0.84375,,,
8,2149,,0.875,,,
8,2159,,0.71875,,,
8,2169,,0.90625,,,
8,2179,,0.84375,,,
8,2189,,0.84375,,,
8,2199,,0.8125,,,
8,2209,,0.78125,,,
8,2219,,0.875,,,
8,2229,,0.84375,,,
8,2239,,0.78125,,,
8,2249,,0.8387096524238586,,,
8,2249,,,,0.8495000004768372,0.4569293260574341
8,2249,0.8437304496765137,,0.46282148361206055,,
9,2259,,0.78125,,,
9,2269,,0.875,,,
9,2279,,0.90625,,,
9,2289,,0.875,,,
9,2299,,0.90625,,,
9,2309,,0.90625,,,
9,2319,,0.9375,,,
9,2329,,0.75,,,
9,2339,,0.84375,,,
9,2349,,0.875,,,
9,2359,,0.90625,,,
9,2369,,0.71875,,,
9,2379,,0.78125,,,
9,2389,,0.90625,,,
9,2399,,0.875,,,
9,2409,,0.78125,,,
9,2419,,0.875,,,
9,2429,,0.90625,,,
9,2439,,0.96875,,,
9,2449,,0.9375,,,
9,2459,,0.90625,,,
9,2469,,0.8125,,,
9,2479,,0.875,,,
9,2489,,0.875,,,
9,2499,,0.7419354915618896,,,
9,2499,,,,0.8519999980926514,0.45310211181640625
9,2499,0.8423553109169006,,0.46152162551879883,,
10,2509,,0.84375,,,
10,2519,,0.84375,,,
10,2529,,0.84375,,,
10,2539,,0.78125,,,
10,2549,,0.875,,,
10,2559,,0.75,,,
10,2569,,0.875,,,
10,2579,,0.90625,,,
10,2589,,0.78125,,,
10,2599,,0.8125,,,
10,2609,,0.84375,,,
10,2619,,0.9375,,,
10,2629,,0.84375,,,
10,2639,,0.78125,,,
10,2649,,0.78125,,,
10,2659,,0.78125,,,
10,2669,,0.8125,,,
10,2679,,0.8125,,,
10,2689,,0.875,,,
10,2699,,0.8125,,,
10,2709,,0.90625,,,
10,2719,,0.8125,,,
10,2729,,0.84375,,,
10,2739,,0.84375,,,
10,2749,,0.8064516186714172,,,
10,2749,,,,0.8525000214576721,0.4533320665359497
10,2749,0.8448556065559387,,0.4597935974597931,,
11,2759,,0.875,,,
11,2769,,0.8125,,,
11,2779,,0.875,,,
11,2789,,0.75,,,
11,2799,,0.71875,,,
11,2809,,0.8125,,,
11,2819,,0.78125,,,
11,2829,,0.84375,,,
11,2839,,0.875,,,
11,2849,,0.875,,,
11,2859,,0.9375,,,
11,2869,,0.9375,,,
11,2879,,0.84375,,,
11,2889,,0.75,,,
11,2899,,0.875,,,
11,2909,,0.90625,,,
11,2919,,0.75,,,
11,2929,,0.90625,,,
11,2939,,0.90625,,,
11,2949,,0.84375,,,
11,2959,,0.71875,,,
11,2969,,0.875,,,
11,2979,,0.78125,,,
11,2989,,0.78125,,,
11,2999,,0.8709677457809448,,,
11,2999,,,,0.847000002861023,0.4560394287109375
11,2999,0.8462308049201965,,0.4601000249385834,,
12,3009,,0.90625,,,
12,3019,,0.90625,,,
12,3029,,0.9375,,,
12,3039,,0.90625,,,
12,3049,,0.90625,,,
12,3059,,0.78125,,,
12,3069,,0.90625,,,
12,3079,,0.8125,,,
12,3089,,0.8125,,,
12,3099,,0.84375,,,
12,3109,,0.84375,,,
12,3119,,0.875,,,
12,3129,,0.78125,,,
12,3139,,0.875,,,
12,3149,,0.84375,,,
12,3159,,0.875,,,
12,3169,,0.875,,,
12,3179,,0.9375,,,
12,3189,,0.90625,,,
12,3199,,0.84375,,,
12,3209,,0.78125,,,
12,3219,,0.8125,,,
12,3229,,0.9375,,,
12,3239,,0.84375,,,
12,3249,,0.9032257795333862,,,
12,3249,,,,0.8475000262260437,0.4551171064376831
12,3249,0.8466058373451233,,0.45975998044013977,,
13,3259,,0.8125,,,
13,3269,,0.71875,,,
13,3279,,0.84375,,,
13,3289,,0.875,,,
13,3299,,0.90625,,,
13,3309,,0.84375,,,
13,3319,,0.78125,,,
13,3329,,0.84375,,,
13,3339,,0.90625,,,
13,3349,,0.75,,,
13,3359,,0.875,,,
13,3369,,0.875,,,
13,3379,,0.875,,,
13,3389,,0.8125,,,
13,3399,,0.9375,,,
13,3409,,0.78125,,,
13,3419,,0.90625,,,
13,3429,,0.84375,,,
13,3439,,0.84375,,,
13,3449,,0.75,,,
13,3459,,0.71875,,,
13,3469,,0.84375,,,
13,3479,,0.9375,,,
13,3489,,0.8125,,,
13,3499,,0.8387096524238586,,,
13,3499,,,,0.8535000085830688,0.4520844519138336
13,3499,0.8492311835289001,,0.4580875337123871,,
14,3509,,0.8125,,,
14,3519,,0.8125,,,
14,3529,,0.78125,,,
14,3539,,0.90625,,,
14,3549,,0.84375,,,
14,3559,,0.84375,,,
14,3569,,0.8125,,,
14,3579,,0.90625,,,
14,3589,,0.84375,,,
14,3599,,0.9375,,,
14,3609,,0.8125,,,
14,3619,,0.8125,,,
14,3629,,0.875,,,
14,3639,,0.875,,,
14,3649,,0.78125,,,
14,3659,,0.84375,,,
14,3669,,0.78125,,,
14,3679,,0.8125,,,
14,3689,,0.6875,,,
14,3699,,0.96875,,,
14,3709,,0.875,,,
14,3719,,0.90625,,,
14,3729,,0.84375,,,
14,3739,,0.9375,,,
14,3749,,0.8387096524238586,,,
14,3749,,,,0.8510000109672546,0.45259636640548706
14,3749,0.8462308049201965,,0.45878589153289795,,
15,3759,,0.71875,,,
15,3769,,0.8125,,,
15,3779,,0.90625,,,
15,3789,,0.84375,,,
15,3799,,0.84375,,,
15,3809,,0.84375,,,
15,3819,,0.78125,,,
15,3829,,0.75,,,
15,3839,,0.8125,,,
15,3849,,0.875,,,
15,3859,,0.90625,,,
15,3869,,0.875,,,
15,3879,,0.875,,,
15,3889,,0.84375,,,
15,3899,,0.875,,,
15,3909,,0.8125,,,
15,3919,,0.84375,,,
15,3929,,0.78125,,,
15,3939,,0.75,,,
15,3949,,0.8125,,,
15,3959,,0.90625,,,
15,3969,,0.875,,,
15,3979,,0.8125,,,
15,3989,,0.8125,,,
15,3999,,0.9032257795333862,,,
15,3999,,,,0.8529999852180481,0.4522627890110016
15,3999,0.8481060266494751,,0.45797282457351685,,
16,4009,,0.875,,,
16,4019,,0.90625,,,
16,4029,,0.90625,,,
16,4039,,0.90625,,,
16,4049,,0.96875,,,
16,4059,,0.875,,,
16,4069,,0.71875,,,
16,4079,,0.84375,,,
16,4089,,0.96875,,,
16,4099,,0.78125,,,
16,4109,,0.96875,,,
16,4119,,0.8125,,,
16,4129,,0.90625,,,
16,4139,,0.84375,,,
16,4149,,0.84375,,,
16,4159,,0.78125,,,
16,4169,,0.78125,,,
16,4179,,0.90625,,,
16,4189,,0.90625,,,
16,4199,,0.75,,,
16,4209,,0.8125,,,
16,4219,,0.84375,,,
16,4229,,0.875,,,
16,4239,,0.84375,,,
16,4249,,0.8387096524238586,,,
16,4249,,,,0.8550000190734863,0.45264825224876404
16,4249,0.8462308049201965,,0.4594247043132782,,
17,4259,,0.65625,,,
17,4269,,0.9375,,,
17,4279,,0.78125,,,
17,4289,,0.90625,,,
17,4299,,0.75,,,
17,4309,,0.9375,,,
17,4319,,0.90625,,,
17,4329,,0.9375,,,
17,4339,,0.90625,,,
17,4349,,0.875,,,
17,4359,,0.84375,,,
17,4369,,0.8125,,,
17,4379,,0.84375,,,
17,4389,,0.78125,,,
17,4399,,0.8125,,,
17,4409,,0.875,,,
17,4419,,0.78125,,,
17,4429,,0.84375,,,
17,4439,,0.78125,,,
17,4449,,0.875,,,
17,4459,,0.71875,,,
17,4469,,0.78125,,,
17,4479,,0.90625,,,
17,4489,,0.75,,,
17,4499,,0.7419354915618896,,,
17,4499,,,,0.8529999852180481,0.4573420584201813
17,4499,0.8459807634353638,,0.4601436257362366,,
18,4509,,0.875,,,
18,4519,,0.9375,,,
18,4529,,0.75,,,
18,4539,,0.875,,,
18,4549,,0.8125,,,
18,4559,,0.84375,,,
18,4569,,0.84375,,,
18,4579,,0.84375,,,
18,4589,,0.90625,,,
18,4599,,0.90625,,,
18,4609,,0.90625,,,
18,4619,,0.84375,,,
18,4629,,0.84375,,,
18,4639,,0.875,,,
18,4649,,0.875,,,
18,4659,,0.875,,,
18,4669,,0.96875,,,
18,4679,,0.8125,,,
18,4689,,0.84375,,,
18,4699,,0.90625,,,
18,4709,,0.875,,,
18,4719,,0.90625,,,
18,4729,,0.875,,,
18,4739,,0.875,,,
18,4749,,0.7419354915618896,,,
18,4749,,,,0.8519999980926514,0.45622995495796204
18,4749,0.8463557958602905,,0.45951321721076965,,
19,4759,,0.84375,,,
19,4769,,0.84375,,,
19,4779,,0.84375,,,
19,4789,,0.84375,,,
19,4799,,0.8125,,,
19,4809,,0.9375,,,
19,4819,,0.8125,,,
19,4829,,0.84375,,,
19,4839,,0.71875,,,
19,4849,,0.78125,,,
19,4859,,0.9375,,,
19,4869,,0.84375,,,
19,4879,,0.90625,,,
19,4889,,0.8125,,,
19,4899,,0.78125,,,
19,4909,,0.9375,,,
19,4919,,0.84375,,,
19,4929,,0.78125,,,
19,4939,,0.90625,,,
19,4949,,0.875,,,
19,4959,,0.9375,,,
19,4969,,0.90625,,,
19,4979,,0.84375,,,
19,4989,,0.875,,,
19,4999,,0.8387096524238586,,,
19,4999,,,,0.8500000238418579,0.45676952600479126
19,4999,0.846855878829956,,0.458462655544281,,
20,5009,,0.84375,,,
20,5019,,0.96875,,,
20,5029,,0.78125,,,
20,5039,,0.9375,,,
20,5049,,0.84375,,,
20,5059,,0.8125,,,
20,5069,,0.84375,,,
20,5079,,0.9375,,,
20,5089,,0.875,,,
20,5099,,0.9375,,,
20,5109,,0.875,,,
20,5119,,0.8125,,,
20,5129,,0.9375,,,
20,5139,,0.90625,,,
20,5149,,0.75,,,
20,5159,,0.8125,,,
20,5169,,0.78125,,,
20,5179,,0.875,,,
20,5189,,0.875,,,
20,5199,,0.6875,,,
20,5209,,0.84375,,,
20,5219,,0.90625,,,
20,5229,,0.875,,,
20,5239,,0.78125,,,
20,5249,,0.8709677457809448,,,
20,5249,,,,0.847000002861023,0.45821434259414673
20,5249,0.8501062393188477,,0.4576224088668823,,
21,5259,,0.78125,,,
21,5269,,0.90625,,,
21,5279,,0.84375,,,
21,5289,,0.875,,,
21,5299,,0.625,,,
21,5309,,0.71875,,,
21,5319,,0.8125,,,
21,5329,,0.875,,,
21,5339,,0.9375,,,
21,5349,,0.90625,,,
21,5359,,0.90625,,,
21,5369,,0.9375,,,
21,5379,,0.8125,,,
21,5389,,0.71875,,,
21,5399,,0.9375,,,
21,5409,,0.875,,,
21,5419,,0.78125,,,
21,5429,,0.71875,,,
21,5439,,0.8125,,,
21,5449,,0.84375,,,
21,5459,,0.90625,,,
21,5469,,0.84375,,,
21,5479,,0.875,,,
21,5489,,0.90625,,,
21,5499,,0.8064516186714172,,,
21,5499,,,,0.8514999747276306,0.45638078451156616
21,5499,0.8476059436798096,,0.45830580592155457,,
22,5509,,0.875,,,
22,5519,,0.90625,,,
22,5529,,0.90625,,,
22,5539,,0.84375,,,
22,5549,,0.96875,,,
22,5559,,0.8125,,,
22,5569,,0.78125,,,
22,5579,,0.78125,,,
22,5589,,0.75,,,
22,5599,,0.8125,,,
22,5609,,0.9375,,,
22,5619,,0.78125,,,
22,5629,,0.84375,,,
22,5639,,0.84375,,,
22,5649,,0.84375,,,
22,5659,,0.875,,,
22,5669,,0.9375,,,
22,5679,,0.84375,,,
22,5689,,0.8125,,,
22,5699,,0.875,,,
22,5709,,0.84375,,,
22,5719,,0.90625,,,
22,5729,,0.90625,,,
22,5739,,0.90625,,,
22,5749,,0.774193525314331,,,
22,5749,,,,0.8535000085830688,0.454568475484848
22,5749,0.8516064286231995,,0.45738697052001953,,
23,5759,,0.84375,,,
23,5769,,0.84375,,,
23,5779,,0.8125,,,
23,5789,,0.90625,,,
23,5799,,0.84375,,,
23,5809,,0.9375,,,
23,5819,,0.875,,,
23,5829,,0.8125,,,
23,5839,,0.90625,,,
23,5849,,0.9375,,,
23,5859,,0.84375,,,
23,5869,,0.84375,,,
23,5879,,0.9375,,,
23,5889,,0.96875,,,
23,5899,,0.71875,,,
23,5909,,0.9375,,,
23,5919,,0.84375,,,
23,5929,,0.6875,,,
23,5939,,0.9375,,,
23,5949,,0.84375,,,
23,5959,,0.84375,,,
23,5969,,0.8125,,,
23,5979,,0.875,,,
23,5989,,0.75,,,
23,5999,,0.7419354915618896,,,
23,5999,,,,0.8514999747276306,0.45462653040885925
23,5999,0.8534817099571228,,0.45637670159339905,,
24,6009,,0.96875,,,
24,6019,,0.90625,,,
24,6029,,0.8125,,,
24,6039,,0.90625,,,
24,6049,,0.78125,,,
24,6059,,0.75,,,
24,6069,,0.8125,,,
24,6079,,0.84375,,,
24,6089,,0.8125,,,
24,6099,,0.875,,,
24,6109,,0.71875,,,
24,6119,,0.8125,,,
24,6129,,0.84375,,,
24,6139,,0.875,,,
24,6149,,0.8125,,,
24,6159,,0.8125,,,
24,6169,,0.875,,,
24,6179,,0.875,,,
24,6189,,0.8125,,,
24,6199,,0.90625,,,
24,6209,,0.84375,,,
24,6219,,0.78125,,,
24,6229,,0.75,,,
24,6239,,0.875,,,
24,6249,,0.7419354915618896,,,
24,6249,,,,0.8565000295639038,0.45248880982398987
24,6249,0.8498562574386597,,0.45865657925605774,,
25,6259,,0.78125,,,
25,6269,,0.8125,,,
25,6279,,0.90625,,,
25,6289,,0.84375,,,
25,6299,,0.875,,,
25,6309,,0.8125,,,
25,6319,,0.84375,,,
25,6329,,0.90625,,,
25,6339,,0.84375,,,
25,6349,,0.8125,,,
25,6359,,0.875,,,
25,6369,,0.9375,,,
25,6379,,0.875,,,
25,6389,,0.875,,,
25,6399,,0.78125,,,
25,6409,,0.8125,,,
25,6419,,0.8125,,,
25,6429,,0.9375,,,
25,6439,,0.875,,,
25,6449,,0.75,,,
25,6459,,0.875,,,
25,6469,,0.90625,,,
25,6479,,0.90625,,,
25,6489,,0.78125,,,
25,6499,,0.774193525314331,,,
25,6499,,,,0.8529999852180481,0.4538976550102234
25,6499,0.8517314791679382,,0.4555053412914276,,
26,6509,,0.875,,,
26,6519,,0.8125,,,
26,6529,,0.75,,,
26,6539,,0.90625,,,
26,6549,,0.9375,,,
26,6559,,0.84375,,,
26,6569,,0.78125,,,
26,6579,,0.9375,,,
26,6589,,0.875,,,
26,6599,,0.8125,,,
26,6609,,0.90625,,,
26,6619,,0.75,,,
26,6629,,0.90625,,,
26,6639,,0.8125,,,
26,6649,,0.71875,,,
26,6659,,0.8125,,,
26,6669,,0.9375,,,
26,6679,,0.875,,,
26,6689,,0.78125,,,
26,6699,,0.8125,,,
26,6709,,0.9375,,,
26,6719,,0.75,,,
26,6729,,0.875,,,
26,6739,,0.84375,,,
26,6749,,0.9354838728904724,,,
26,6749,,,,0.8529999852180481,0.456177681684494
26,6749,0.8544818162918091,,0.4549146890640259,,
27,6759,,0.9375,,,
27,6769,,0.8125,,,
27,6779,,0.84375,,,
27,6789,,0.75,,,
27,6799,,0.8125,,,
27,6809,,0.9375,,,
27,6819,,0.90625,,,
27,6829,,0.9375,,,
27,6839,,0.90625,,,
27,6849,,0.875,,,
27,6859,,0.875,,,
27,6869,,0.90625,,,
27,6879,,0.90625,,,
27,6889,,0.90625,,,
27,6899,,0.84375,,,
27,6909,,0.84375,,,
27,6919,,0.84375,,,
27,6929,,0.90625,,,
27,6939,,0.875,,,
27,6949,,0.875,,,
27,6959,,0.875,,,
27,6969,,0.875,,,
27,6979,,0.84375,,,
27,6989,,0.75,,,
27,6999,,0.7096773982048035,,,
27,6999,,,,0.8529999852180481,0.4557078182697296
27,6999,0.8538567423820496,,0.45450130105018616,,
28,7009,,0.90625,,,
28,7019,,0.9375,,,
28,7029,,0.90625,,,
28,7039,,1.0,,,
28,7049,,0.84375,,,
28,7059,,0.875,,,
28,7069,,0.875,,,
28,7079,,0.78125,,,
28,7089,,0.8125,,,
28,7099,,0.875,,,
28,7109,,0.65625,,,
28,7119,,0.8125,,,
28,7129,,0.9375,,,
28,7139,,0.8125,,,
28,7149,,0.90625,,,
28,7159,,0.875,,,
28,7169,,0.875,,,
28,7179,,0.875,,,
28,7189,,0.875,,,
28,7199,,0.75,,,
28,7209,,0.875,,,
28,7219,,0.84375,,,
28,7229,,0.8125,,,
28,7239,,0.9375,,,
28,7249,,0.9677419066429138,,,
28,7249,,,,0.8544999957084656,0.4566495418548584
28,7249,0.8566070795059204,,0.4511954188346863,,
29,7259,,0.90625,,,
29,7269,,0.75,,,
29,7279,,0.8125,,,
29,7289,,0.84375,,,
29,7299,,0.8125,,,
29,7309,,0.9375,,,
29,7319,,0.8125,,,
29,7329,,0.96875,,,
29,7339,,0.8125,,,
29,7349,,0.9375,,,
29,7359,,0.875,,,
29,7369,,0.8125,,,
29,7379,,0.78125,,,
29,7389,,0.8125,,,
29,7399,,0.9375,,,
29,7409,,0.78125,,,
29,7419,,0.9375,,,
29,7429,,0.8125,,,
29,7439,,0.875,,,
29,7449,,0.875,,,
29,7459,,0.90625,,,
29,7469,,0.9375,,,
29,7479,,0.875,,,
29,7489,,0.875,,,
29,7499,,0.8387096524238586,,,
29,7499,,,,0.859000027179718,0.4514284133911133
29,7499,0.8501062393188477,,0.45602887868881226,,
30,7509,,1.0,,,
30,7519,,0.84375,,,
30,7529,,0.90625,,,
30,7539,,0.9375,,,
30,7549,,0.78125,,,
30,7559,,0.90625,,,
30,7569,,0.71875,,,
30,7579,,0.875,,,
30,7589,,0.8125,,,
30,7599,,0.78125,,,
30,7609,,0.84375,,,
30,7619,,0.875,,,
30,7629,,0.875,,,
30,7639,,0.71875,,,
30,7649,,0.90625,,,
30,7659,,0.8125,,,
30,7669,,0.875,,,
30,7679,,0.90625,,,
30,7689,,0.75,,,
30,7699,,0.9375,,,
30,7709,,0.84375,,,
30,7719,,0.9375,,,
30,7729,,0.875,,,
30,7739,,0.8125,,,
30,7749,,0.8709677457809448,,,
30,7749,,,,0.8485000133514404,0.45688483119010925
30,7749,0.8512313961982727,,0.4564135670661926,,
31,7759,,0.84375,,,
31,7769,,0.96875,,,
31,7779,,0.875,,,
31,7789,,0.875,,,
31,7799,,0.9375,,,
31,7809,,0.875,,,
31,7819,,0.875,,,
31,7829,,0.84375,,,
31,7839,,0.90625,,,
31,7849,,0.875,,,
31,7859,,0.71875,,,
31,7869,,0.9375,,,
31,7879,,0.90625,,,
31,7889,,0.9375,,,
31,7899,,0.84375,,,
31,7909,,0.875,,,
31,7919,,0.90625,,,
31,7929,,0.78125,,,
31,7939,,0.78125,,,
31,7949,,0.875,,,
31,7959,,0.875,,,
31,7969,,0.84375,,,
31,7979,,0.78125,,,
31,7989,,0.84375,,,
31,7999,,0.8387096524238586,,,
31,7999,,,,0.8519999980926514,0.4530211389064789
31,7999,0.8513564467430115,,0.4565534293651581,,
32,8009,,0.875,,,
32,8019,,0.78125,,,
32,8029,,0.8125,,,
32,8039,,0.84375,,,
32,8049,,0.84375,,,
32,8059,,0.84375,,,
32,8069,,0.8125,,,
32,8079,,0.8125,,,
32,8089,,0.96875,,,
32,8099,,0.84375,,,
32,8109,,0.90625,,,
32,8119,,0.90625,,,
32,8129,,0.90625,,,
32,8139,,0.84375,,,
32,8149,,0.8125,,,
32,8159,,0.78125,,,
32,8169,,0.8125,,,
32,8179,,0.84375,,,
32,8189,,0.84375,,,
32,8199,,0.78125,,,
32,8209,,0.90625,,,
32,8219,,0.875,,,
32,8229,,0.84375,,,
32,8239,,0.9375,,,
32,8249,,0.774193525314331,,,
32,8249,,,,0.8539999723434448,0.4549331068992615
32,8249,0.8527315855026245,,0.4556571841239929,,
33,8259,,0.84375,,,
33,8269,,0.875,,,
33,8279,,0.90625,,,
33,8289,,0.84375,,,
33,8299,,0.875,,,
33,8309,,0.90625,,,
33,8319,,0.84375,,,
33,8329,,0.8125,,,
33,8339,,0.875,,,
33,8349,,0.84375,,,
33,8359,,0.875,,,
33,8369,,0.90625,,,
33,8379,,0.90625,,,
33,8389,,0.9375,,,
33,8399,,0.8125,,,
33,8409,,0.84375,,,
33,8419,,0.90625,,,
33,8429,,0.8125,,,
33,8439,,0.90625,,,
33,8449,,0.875,,,
33,8459,,0.90625,,,
33,8469,,0.9375,,,
33,8479,,0.84375,,,
33,8489,,0.78125,,,
33,8499,,0.9032257795333862,,,
33,8499,,,,0.8504999876022339,0.4566980004310608
33,8499,0.8589823842048645,,0.45227640867233276,,
34,8509,,0.8125,,,
34,8519,,0.875,,,
34,8529,,0.84375,,,
34,8539,,0.9375,,,
34,8549,,0.875,,,
34,8559,,0.9375,,,
34,8569,,0.875,,,
34,8579,,0.71875,,,
34,8589,,0.78125,,,
34,8599,,0.84375,,,
34,8609,,0.875,,,
34,8619,,0.75,,,
34,8629,,0.90625,,,
34,8639,,0.84375,,,
34,8649,,0.90625,,,
34,8659,,0.84375,,,
34,8669,,0.78125,,,
34,8679,,0.8125,,,
34,8689,,0.75,,,
34,8699,,0.8125,,,
34,8709,,0.84375,,,
34,8719,,0.96875,,,
34,8729,,0.90625,,,
34,8739,,0.78125,,,
34,8749,,0.8709677457809448,,,
34,8749,,,,0.8514999747276306,0.45645081996917725
34,8749,0.8541067838668823,,0.4535830616950989,,
35,8759,,0.875,,,
35,8769,,0.84375,,,
35,8779,,0.8125,,,
35,8789,,0.96875,,,
35,8799,,0.90625,,,
35,8809,,0.84375,,,
35,8819,,0.875,,,
35,8829,,0.78125,,,
35,8839,,0.90625,,,
35,8849,,0.75,,,
35,8859,,0.8125,,,
35,8869,,0.84375,,,
35,8879,,0.8125,,,
35,8889,,0.84375,,,
35,8899,,0.90625,,,
35,8909,,0.875,,,
35,8919,,0.875,,,
35,8929,,0.875,,,
35,8939,,0.75,,,
35,8949,,0.84375,,,
35,8959,,0.84375,,,
35,8969,,0.90625,,,
35,8979,,0.78125,,,
35,8989,,0.84375,,,
35,8999,,0.8064516186714172,,,
35,8999,,,,0.8519999980926514,0.45619717240333557
35,8999,0.8543567657470703,,0.45353201031684875,,
36,9009,,0.9375,,,
36,9019,,0.9375,,,
36,9029,,0.75,,,
36,9039,,0.8125,,,
36,9049,,0.84375,,,
36,9059,,0.9375,,,
36,9069,,0.90625,,,
36,9079,,0.90625,,,
36,9089,,0.8125,,,
36,9099,,0.875,,,
36,9109,,0.8125,,,
36,9119,,0.84375,,,
36,9129,,0.90625,,,
36,9139,,0.875,,,
36,9149,,0.90625,,,
36,9159,,0.78125,,,
36,9169,,0.90625,,,
36,9179,,0.875,,,
36,9189,,0.6875,,,
36,9199,,0.875,,,
36,9209,,0.71875,,,
36,9219,,0.84375,,,
36,9229,,0.84375,,,
36,9239,,0.875,,,
36,9249,,0.8387096524238586,,,
36,9249,,,,0.8575000166893005,0.4513453245162964
36,9249,0.852106511592865,,0.4563450813293457,,
37,9259,,0.96875,,,
37,9269,,0.875,,,
37,9279,,0.84375,,,
37,9289,,0.90625,,,
37,9299,,0.84375,,,
37,9309,,0.875,,,
37,9319,,0.875,,,
37,9329,,0.8125,,,
37,9339,,0.875,,,
37,9349,,0.8125,,,
37,9359,,0.84375,,,
37,9369,,0.875,,,
37,9379,,0.875,,,
37,9389,,0.90625,,,
37,9399,,0.8125,,,
37,9409,,0.8125,,,
37,9419,,0.6875,,,
37,9429,,0.875,,,
37,9439,,0.71875,,,
37,9449,,0.8125,,,
37,9459,,0.875,,,
37,9469,,0.875,,,
37,9479,,0.78125,,,
37,9489,,0.8125,,,
37,9499,,0.8387096524238586,,,
37,9499,,,,0.8535000085830688,0.4567999243736267
37,9499,0.8538567423820496,,0.4555230736732483,,
38,9509,,0.84375,,,
38,9519,,0.78125,,,
38,9529,,0.78125,,,
38,9539,,0.84375,,,
38,9549,,0.84375,,,
38,9559,,0.875,,,
38,9569,,0.90625,,,
38,9579,,0.90625,,,
38,9589,,0.875,,,
38,9599,,0.84375,,,
38,9609,,0.78125,,,
38,9619,,0.96875,,,
38,9629,,0.96875,,,
38,9639,,0.90625,,,
38,9649,,0.9375,,,
38,9659,,0.84375,,,
38,9669,,0.875,,,
38,9679,,0.8125,,,
38,9689,,0.84375,,,
38,9699,,0.84375,,,
38,9709,,0.875,,,
38,9719,,0.90625,,,
38,9729,,0.96875,,,
38,9739,,0.75,,,
38,9749,,0.8709677457809448,,,
38,9749,,,,0.8479999899864197,0.45761838555336
38,9749,0.8534817099571228,,0.4566020667552948,,
39,9759,,0.78125,,,
39,9769,,0.875,,,
39,9779,,0.78125,,,
39,9789,,0.90625,,,
39,9799,,0.8125,,,
39,9809,,0.8125,,,
39,9819,,0.78125,,,
39,9829,,0.9375,,,
39,9839,,0.78125,,,
39,9849,,0.875,,,
39,9859,,0.875,,,
39,9869,,0.875,,,
39,9879,,0.875,,,
39,9889,,0.71875,,,
39,9899,,0.8125,,,
39,9909,,0.8125,,,
39,9919,,0.90625,,,
39,9929,,0.875,,,
39,9939,,0.90625,,,
39,9949,,0.90625,,,
39,9959,,0.875,,,
39,9969,,0.6875,,,
39,9979,,0.9375,,,
39,9989,,0.8125,,,
39,9999,,0.8387096524238586,,,
39,9999,,,,0.8539999723434448,0.4544685184955597
39,9999,0.8516064286231995,,0.4552171528339386,,
40,10009,,0.9375,,,
40,10019,,0.8125,,,
40,10029,,0.8125,,,
40,10039,,0.8125,,,
40,10049,,0.8125,,,
40,10059,,0.84375,,,
40,10069,,0.78125,,,
40,10079,,0.84375,,,
40,10089,,0.90625,,,
40,10099,,0.96875,,,
40,10109,,0.90625,,,
40,10119,,0.9375,,,
40,10129,,0.90625,,,
40,10139,,0.78125,,,
40,10149,,0.78125,,,
40,10159,,0.84375,,,
40,10169,,0.78125,,,
40,10179,,0.84375,,,
40,10189,,0.90625,,,
40,10199,,0.75,,,
40,10209,,0.84375,,,
40,10219,,0.90625,,,
40,10229,,0.8125,,,
40,10239,,0.90625,,,
40,10249,,0.9354838728904724,,,
40,10249,,,,0.8544999957084656,0.45436400175094604
40,10249,0.853356659412384,,0.4541115164756775,,
41,10259,,0.78125,,,
41,10269,,0.875,,,
41,10279,,0.9375,,,
41,10289,,0.875,,,
41,10299,,0.90625,,,
41,10309,,0.875,,,
41,10319,,1.0,,,
41,10329,,0.90625,,,
41,10339,,0.875,,,
41,10349,,0.90625,,,
41,10359,,0.84375,,,
41,10369,,0.8125,,,
41,10379,,0.84375,,,
41,10389,,0.875,,,
41,10399,,0.875,,,
41,10409,,0.875,,,
41,10419,,0.8125,,,
41,10429,,0.84375,,,
41,10439,,0.90625,,,
41,10449,,0.875,,,
41,10459,,0.90625,,,
41,10469,,0.875,,,
41,10479,,0.9375,,,
41,10489,,0.875,,,
41,10499,,0.8064516186714172,,,
41,10499,,,,0.8539999723434448,0.45453721284866333
41,10499,0.8544818162918091,,0.4547968804836273,,
42,10509,,0.78125,,,
42,10519,,0.75,,,
42,10529,,0.90625,,,
42,10539,,0.84375,,,
42,10549,,0.875,,,
42,10559,,0.8125,,,
42,10569,,0.9375,,,
42,10579,,0.75,,,
42,10589,,0.9375,,,
42,10599,,0.8125,,,
42,10609,,0.875,,,
42,10619,,0.90625,,,
42,10629,,0.96875,,,
42,10639,,0.875,,,
42,10649,,1.0,,,
42,10659,,0.84375,,,
42,10669,,0.90625,,,
42,10679,,0.8125,,,
42,10689,,0.875,,,
42,10699,,0.84375,,,
42,10709,,0.9375,,,
42,10719,,0.8125,,,
42,10729,,0.84375,,,
42,10739,,0.78125,,,
42,10749,,0.7419354915618896,,,
42,10749,,,,0.8554999828338623,0.45530518889427185
42,10749,0.8556069731712341,,0.4531989097595215,,
43,10759,,0.90625,,,
43,10769,,0.84375,,,
43,10779,,0.78125,,,
43,10789,,0.96875,,,
43,10799,,0.9375,,,
43,10809,,0.875,,,
43,10819,,0.84375,,,
43,10829,,0.875,,,
43,10839,,0.90625,,,
43,10849,,0.90625,,,
43,10859,,0.84375,,,
43,10869,,0.9375,,,
43,10879,,0.875,,,
43,10889,,0.90625,,,
43,10899,,0.90625,,,
43,10909,,0.90625,,,
43,10919,,0.875,,,
43,10929,,0.84375,,,
43,10939,,0.84375,,,
43,10949,,0.875,,,
43,10959,,0.9375,,,
43,10969,,0.875,,,
43,10979,,0.84375,,,
43,10989,,0.75,,,
43,10999,,0.8064516186714172,,,
43,10999,,,,0.8539999723434448,0.4505952000617981
43,10999,0.8557319641113281,,0.4528920352458954,,
44,11009,,0.875,,,
44,11019,,0.90625,,,
44,11029,,0.90625,,,
44,11039,,0.96875,,,
44,11049,,0.9375,,,
44,11059,,0.8125,,,
44,11069,,0.78125,,,
44,11079,,0.9375,,,
44,11089,,0.875,,,
44,11099,,0.8125,,,
44,11109,,0.84375,,,
44,11119,,0.84375,,,
44,11129,,0.71875,,,
44,11139,,0.84375,,,
44,11149,,0.84375,,,
44,11159,,0.8125,,,
44,11169,,0.78125,,,
44,11179,,0.96875,,,
44,11189,,0.875,,,
44,11199,,0.96875,,,
44,11209,,0.9375,,,
44,11219,,0.875,,,
44,11229,,0.875,,,
44,11239,,0.90625,,,
44,11249,,0.9032257795333862,,,
44,11249,,,,0.8579999804496765,0.45186713337898254
44,11249,0.8579822182655334,,0.45161259174346924,,
45,11259,,0.90625,,,
45,11269,,0.9375,,,
45,11279,,0.75,,,
45,11289,,0.84375,,,
45,11299,,0.84375,,,
45,11309,,0.875,,,
45,11319,,0.875,,,
45,11329,,0.8125,,,
45,11339,,0.875,,,
45,11349,,0.875,,,
45,11359,,0.8125,,,
45,11369,,0.90625,,,
45,11379,,0.9375,,,
45,11389,,0.75,,,
45,11399,,0.875,,,
45,11409,,1.0,,,
45,11419,,0.8125,,,
45,11429,,0.78125,,,
45,11439,,0.78125,,,
45,11449,,0.78125,,,
45,11459,,0.90625,,,
45,11469,,0.96875,,,
45,11479,,0.71875,,,
45,11489,,0.84375,,,
45,11499,,0.8709677457809448,,,
45,11499,,,,0.8565000295639038,0.4501088857650757
45,11499,0.8591073751449585,,0.4500287175178528,,
46,11509,,0.875,,,
46,11519,,0.875,,,
46,11529,,0.875,,,
46,11539,,0.8125,,,
46,11549,,0.875,,,
46,11559,,0.875,,,
46,11569,,0.9375,,,
46,11579,,0.9375,,,
46,11589,,0.8125,,,
46,11599,,0.84375,,,
46,11609,,0.9375,,,
46,11619,,0.875,,,
46,11629,,0.875,,,
46,11639,,0.875,,,
46,11649,,0.90625,,,
46,11659,,0.9375,,,
46,11669,,0.8125,,,
46,11679,,0.8125,,,
46,11689,,0.8125,,,
46,11699,,0.75,,,
46,11709,,0.84375,,,
46,11719,,0.84375,,,
46,11729,,0.875,,,
46,11739,,0.84375,,,
46,11749,,0.8709677457809448,,,
46,11749,,,,0.8569999933242798,0.4516010880470276
46,11749,0.8572321534156799,,0.45154768228530884,,
47,11759,,0.75,,,
47,11769,,0.9375,,,
47,11779,,0.96875,,,
47,11789,,0.75,,,
47,11799,,0.875,,,
47,11809,,0.71875,,,
47,11819,,0.75,,,
47,11829,,1.0,,,
47,11839,,0.875,,,
47,11849,,0.9375,,,
47,11859,,0.75,,,
47,11869,,0.8125,,,
47,11879,,0.78125,,,
47,11889,,0.84375,,,
47,11899,,0.8125,,,
47,11909,,0.90625,,,
47,11919,,0.8125,,,
47,11929,,0.8125,,,
47,11939,,0.96875,,,
47,11949,,0.84375,,,
47,11959,,0.84375,,,
47,11969,,0.90625,,,
47,11979,,0.84375,,,
47,11989,,0.84375,,,
47,11999,,0.774193525314331,,,
47,11999,,,,0.8600000143051147,0.4494096040725708
47,11999,0.8586073517799377,,0.4493459463119507,,
48,12009,,0.8125,,,
48,12019,,0.75,,,
48,12029,,0.9375,,,
48,12039,,0.65625,,,
48,12049,,0.875,,,
48,12059,,0.75,,,
48,12069,,0.8125,,,
48,12079,,0.71875,,,
48,12089,,0.8125,,,
48,12099,,0.78125,,,
48,12109,,0.78125,,,
48,12119,,0.90625,,,
48,12129,,0.75,,,
48,12139,,0.8125,,,
48,12149,,0.96875,,,
48,12159,,0.9375,,,
48,12169,,0.875,,,
48,12179,,0.8125,,,
48,12189,,0.84375,,,
48,12199,,0.875,,,
48,12209,,0.75,,,
48,12219,,0.875,,,
48,12229,,0.8125,,,
48,12239,,0.84375,,,
48,12249,,0.8387096524238586,,,
48,12249,,,,0.8525000214576721,0.4528924822807312
48,12249,0.8556069731712341,,0.4540657103061676,,
49,12259,,0.90625,,,
49,12269,,0.90625,,,
49,12279,,0.8125,,,
49,12289,,0.875,,,
49,12299,,0.9375,,,
49,12309,,0.90625,,,
49,12319,,0.90625,,,
49,12329,,0.875,,,
49,12339,,0.84375,,,
49,12349,,0.84375,,,
49,12359,,0.71875,,,
49,12369,,0.90625,,,
49,12379,,0.84375,,,
49,12389,,0.9375,,,
49,12399,,0.90625,,,
49,12409,,0.875,,,
49,12419,,0.875,,,
49,12429,,0.8125,,,
49,12439,,0.9375,,,
49,12449,,0.9375,,,
49,12459,,0.84375,,,
49,12469,,0.75,,,
49,12479,,0.84375,,,
49,12489,,0.8125,,,
49,12499,,0.7419354915618896,,,
49,12499,,,,0.8544999957084656,0.45225343108177185
49,12499,0.8559820055961609,,0.4532518982887268,,
50,12509,,0.84375,,,
50,12519,,0.875,,,
50,12529,,0.875,,,
50,12539,,0.90625,,,
50,12549,,0.90625,,,
50,12559,,0.875,,,
50,12569,,0.84375,,,
50,12579,,0.78125,,,
50,12589,,0.8125,,,
50,12599,,0.875,,,
50,12609,,0.84375,,,
50,12619,,0.875,,,
50,12629,,0.8125,,,
50,12639,,0.9375,,,
50,12649,,0.78125,,,
50,12659,,0.90625,,,
50,12669,,0.78125,,,
50,12679,,0.9375,,,
50,12689,,0.875,,,
50,12699,,0.84375,,,
50,12709,,0.84375,,,
50,12719,,0.96875,,,
50,12729,,0.84375,,,
50,12739,,0.96875,,,
50,12749,,0.8709677457809448,,,
50,12749,,,,0.8500000238418579,0.4541359841823578
50,12749,0.8562320470809937,,0.4524805545806885,,
51,12759,,0.90625,,,
51,12769,,0.875,,,
51,12779,,0.90625,,,
51,12789,,0.75,,,
51,12799,,0.84375,,,
51,12809,,0.9375,,,
51,12819,,0.9375,,,
51,12829,,0.84375,,,
51,12839,,0.8125,,,
51,12849,,0.90625,,,
51,12859,,0.875,,,
51,12869,,0.875,,,
51,12879,,0.9375,,,
51,12889,,0.8125,,,
51,12899,,0.875,,,
51,12909,,0.8125,,,
51,12919,,0.9375,,,
51,12929,,0.875,,,
51,12939,,0.8125,,,
51,12949,,0.90625,,,
51,12959,,0.6875,,,
51,12969,,0.75,,,
51,12979,,0.875,,,
51,12989,,0.8125,,,
51,12999,,0.8387096524238586,,,
51,12999,,,,0.8604999780654907,0.45038390159606934
51,12999,0.8566070795059204,,0.45284175872802734,,
52,13009,,0.90625,,,
52,13019,,0.8125,,,
52,13029,,0.90625,,,
52,13039,,0.875,,,
52,13049,,0.90625,,,
52,13059,,0.78125,,,
52,13069,,0.90625,,,
52,13079,,0.875,,,
52,13089,,0.9375,,,
52,13099,,0.75,,,
52,13109,,0.84375,,,
52,13119,,0.875,,,
52,13129,,0.9375,,,
52,13139,,0.84375,,,
52,13149,,0.8125,,,
52,13159,,0.90625,,,
52,13169,,0.8125,,,
52,13179,,0.9375,,,
52,13189,,0.90625,,,
52,13199,,0.84375,,,
52,13209,,0.71875,,,
52,13219,,0.8125,,,
52,13229,,0.78125,,,
52,13239,,0.78125,,,
52,13249,,0.8709677457809448,,,
52,13249,,,,0.8550000190734863,0.45677900314331055
52,13249,0.8592324256896973,,0.4499475061893463,,
53,13259,,0.90625,,,
53,13269,,0.8125,,,
53,13279,,0.875,,,
53,13289,,0.9375,,,
53,13299,,0.84375,,,
53,13309,,0.84375,,,
53,13319,,0.875,,,
53,13329,,0.84375,,,
53,13339,,0.75,,,
53,13349,,0.9375,,,
53,13359,,0.78125,,,
53,13369,,0.75,,,
53,13379,,0.84375,,,
53,13389,,0.78125,,,
53,13399,,0.8125,,,
53,13409,,0.84375,,,
53,13419,,0.875,,,
53,13429,,0.90625,,,
53,13439,,0.84375,,,
53,13449,,0.84375,,,
53,13459,,0.84375,,,
53,13469,,0.84375,,,
53,13479,,0.84375,,,
53,13489,,0.875,,,
53,13499,,0.774193525314331,,,
53,13499,,,,0.8600000143051147,0.4504890739917755
53,13499,0.8566070795059204,,0.4527460038661957,,
54,13509,,0.84375,,,
54,13519,,0.875,,,
54,13529,,0.875,,,
54,13539,,0.875,,,
54,13549,,0.90625,,,
54,13559,,0.875,,,
54,13569,,0.71875,,,
54,13579,,0.9375,,,
54,13589,,0.8125,,,
54,13599,,0.90625,,,
54,13609,,0.875,,,
54,13619,,1.0,,,
54,13629,,0.8125,,,
54,13639,,0.90625,,,
54,13649,,0.84375,,,
54,13659,,0.8125,,,
54,13669,,0.875,,,
54,13679,,0.875,,,
54,13689,,0.9375,,,
54,13699,,0.875,,,
54,13709,,0.875,,,
54,13719,,0.84375,,,
54,13729,,0.9375,,,
54,13739,,0.90625,,,
54,13749,,0.9032257795333862,,,
54,13749,,,,0.8519999980926514,0.45679986476898193
54,13749,0.8576071858406067,,0.4529608488082886,,
55,13759,,0.84375,,,
55,13769,,0.90625,,,
55,13779,,0.84375,,,
55,13789,,0.90625,,,
55,13799,,0.84375,,,
55,13809,,0.90625,,,
55,13819,,0.71875,,,
55,13829,,0.875,,,
55,13839,,0.875,,,
55,13849,,0.875,,,
55,13859,,0.78125,,,
55,13869,,0.84375,,,
55,13879,,0.8125,,,
55,13889,,0.875,,,
55,13899,,0.6875,,,
55,13909,,0.75,,,
55,13919,,0.78125,,,
55,13929,,0.84375,,,
55,13939,,0.84375,,,
55,13949,,0.875,,,
55,13959,,0.8125,,,
55,13969,,0.875,,,
55,13979,,0.84375,,,
55,13989,,0.9375,,,
55,13999,,0.8064516186714172,,,
55,13999,,,,0.8560000061988831,0.4546811282634735
55,13999,0.8573571443557739,,0.45333757996559143,,
56,14009,,0.84375,,,
56,14019,,0.8125,,,
56,14029,,0.90625,,,
56,14039,,0.75,,,
56,14049,,0.78125,,,
56,14059,,0.8125,,,
56,14069,,0.84375,,,
56,14079,,0.90625,,,
56,14089,,0.8125,,,
56,14099,,0.8125,,,
56,14109,,0.78125,,,
56,14119,,0.90625,,,
56,14129,,0.90625,,,
56,14139,,0.9375,,,
56,14149,,0.75,,,
56,14159,,0.875,,,
56,14169,,0.84375,,,
56,14179,,0.9375,,,
56,14189,,0.84375,,,
56,14199,,0.96875,,,
56,14209,,1.0,,,
56,14219,,0.90625,,,
56,14229,,0.9375,,,
56,14239,,0.875,,,
56,14249,,0.8709677457809448,,,
56,14249,,,,0.8579999804496765,0.4525524377822876
56,14249,0.8578572273254395,,0.45195239782333374,,
57,14259,,0.90625,,,
57,14269,,0.875,,,
57,14279,,0.9375,,,
57,14289,,1.0,,,
57,14299,,0.90625,,,
57,14309,,0.90625,,,
57,14319,,0.78125,,,
57,14329,,0.71875,,,
57,14339,,0.875,,,
57,14349,,0.8125,,,
57,14359,,0.8125,,,
57,14369,,0.875,,,
57,14379,,0.9375,,,
57,14389,,0.9375,,,
57,14399,,0.8125,,,
57,14409,,0.875,,,
57,14419,,0.84375,,,
57,14429,,0.75,,,
57,14439,,0.9375,,,
57,14449,,0.8125,,,
57,14459,,0.9375,,,
57,14469,,0.875,,,
57,14479,,0.84375,,,
57,14489,,0.9375,,,
57,14499,,0.774193525314331,,,
57,14499,,,,0.859499990940094,0.4514272212982178
57,14499,0.8572321534156799,,0.4531369209289551,,
58,14509,,0.84375,,,
58,14519,,0.96875,,,
58,14529,,0.90625,,,
58,14539,,0.625,,,
58,14549,,0.8125,,,
58,14559,,0.8125,,,
58,14569,,0.78125,,,
58,14579,,0.90625,,,
58,14589,,0.75,,,
58,14599,,0.75,,,
58,14609,,0.875,,,
58,14619,,0.875,,,
58,14629,,0.875,,,
58,14639,,0.90625,,,
58,14649,,0.84375,,,
58,14659,,0.78125,,,
58,14669,,0.875,,,
58,14679,,0.84375,,,
58,14689,,0.84375,,,
58,14699,,0.875,,,
58,14709,,0.84375,,,
58,14719,,0.84375,,,
58,14729,,0.9375,,,
58,14739,,0.875,,,
58,14749,,0.774193525314331,,,
58,14749,,,,0.8510000109672546,0.457998663187027
58,14749,0.8549818992614746,,0.45487356185913086,,
59,14759,,0.78125,,,
59,14769,,0.90625,,,
59,14779,,0.875,,,
59,14789,,0.8125,,,
59,14799,,0.9375,,,
59,14809,,0.84375,,,
59,14819,,0.90625,,,
59,14829,,0.78125,,,
59,14839,,0.875,,,
59,14849,,0.8125,,,
59,14859,,0.90625,,,
59,14869,,0.90625,,,
59,14879,,0.90625,,,
59,14889,,0.84375,,,
59,14899,,0.96875,,,
59,14909,,0.78125,,,
59,14919,,0.875,,,
59,14929,,0.84375,,,
59,14939,,0.78125,,,
59,14949,,0.875,,,
59,14959,,0.9375,,,
59,14969,,0.875,,,
59,14979,,0.84375,,,
59,14989,,0.71875,,,
59,14999,,0.9032257795333862,,,
59,14999,,,,0.8565000295639038,0.453155517578125
59,14999,0.8558569550514221,,0.45377206802368164,,
60,15009,,0.8125,,,
60,15019,,0.78125,,,
60,15029,,0.90625,,,
60,15039,,0.84375,,,
60,15049,,0.875,,,
60,15059,,0.8125,,,
60,15069,,0.78125,,,
60,15079,,0.8125,,,
60,15089,,0.78125,,,
60,15099,,0.90625,,,
60,15109,,1.0,,,
60,15119,,0.84375,,,
60,15129,,0.875,,,
60,15139,,0.875,,,
60,15149,,0.875,,,
60,15159,,0.78125,,,
60,15169,,0.9375,,,
60,15179,,0.875,,,
60,15189,,0.78125,,,
60,15199,,0.78125,,,
60,15209,,0.96875,,,
60,15219,,0.90625,,,
60,15229,,0.8125,,,
60,15239,,0.84375,,,
60,15249,,0.8709677457809448,,,
60,15249,,,,0.8495000004768372,0.45586422085762024
60,15249,0.8544818162918091,,0.45420652627944946,,
61,15259,,0.8125,,,
61,15269,,0.75,,,
61,15279,,0.78125,,,
61,15289,,0.90625,,,
61,15299,,0.9375,,,
61,15309,,0.96875,,,
61,15319,,0.96875,,,
61,15329,,0.78125,,,
61,15339,,0.75,,,
61,15349,,0.90625,,,
61,15359,,0.90625,,,
61,15369,,0.84375,,,
61,15379,,0.84375,,,
61,15389,,0.9375,,,
61,15399,,0.75,,,
61,15409,,0.875,,,
61,15419,,0.9375,,,
61,15429,,0.90625,,,
61,15439,,0.78125,,,
61,15449,,0.9375,,,
61,15459,,0.78125,,,
61,15469,,0.84375,,,
61,15479,,0.875,,,
61,15489,,0.875,,,
61,15499,,0.8709677457809448,,,
61,15499,,,,0.8550000190734863,0.452663391828537
61,15499,0.8574821949005127,,0.45168235898017883,,
62,15509,,0.90625,,,
62,15519,,0.8125,,,
62,15529,,0.8125,,,
62,15539,,0.8125,,,
62,15549,,0.84375,,,
62,15559,,0.90625,,,
62,15569,,0.71875,,,
62,15579,,0.78125,,,
62,15589,,0.875,,,
62,15599,,0.90625,,,
62,15609,,0.875,,,
62,15619,,0.84375,,,
62,15629,,0.8125,,,
62,15639,,0.78125,,,
62,15649,,0.75,,,
62,15659,,0.8125,,,
62,15669,,0.75,,,
62,15679,,0.78125,,,
62,15689,,0.84375,,,
62,15699,,0.90625,,,
62,15709,,0.84375,,,
62,15719,,0.875,,,
62,15729,,0.84375,,,
62,15739,,0.78125,,,
62,15749,,0.8064516186714172,,,
62,15749,,,,0.8585000038146973,0.4527877867221832
62,15749,0.8544818162918091,,0.45528358221054077,,
63,15759,,0.90625,,,
63,15769,,0.84375,,,
63,15779,,0.78125,,,
63,15789,,0.84375,,,
63,15799,,0.875,,,
63,15809,,0.78125,,,
63,15819,,0.84375,,,
63,15829,,0.90625,,,
63,15839,,0.84375,,,
63,15849,,0.84375,,,
63,15859,,0.90625,,,
63,15869,,0.78125,,,
63,15879,,0.8125,,,
63,15889,,0.875,,,
63,15899,,0.8125,,,
63,15909,,0.875,,,
63,15919,,0.84375,,,
63,15929,,0.78125,,,
63,15939,,0.90625,,,
63,15949,,0.875,,,
63,15959,,0.75,,,
63,15969,,0.90625,,,
63,15979,,0.875,,,
63,15989,,0.9375,,,
63,15999,,0.9032257795333862,,,
63,15999,,,,0.8529999852180481,0.45365726947784424
63,15999,0.8486060500144958,,0.45785272121429443,,
64,16009,,0.84375,,,
64,16019,,0.78125,,,
64,16029,,0.875,,,
64,16039,,0.78125,,,
64,16049,,0.96875,,,
64,16059,,0.78125,,,
64,16069,,0.875,,,
64,16079,,0.78125,,,
64,16089,,1.0,,,
64,16099,,0.8125,,,
64,16109,,0.875,,,
64,16119,,0.90625,,,
64,16129,,0.8125,,,
64,16139,,0.84375,,,
64,16149,,0.875,,,
64,16159,,0.71875,,,
64,16169,,0.875,,,
64,16179,,0.96875,,,
64,16189,,0.9375,,,
64,16199,,0.78125,,,
64,16209,,0.84375,,,
64,16219,,0.84375,,,
64,16229,,0.875,,,
64,16239,,0.90625,,,
64,16249,,0.9354838728904724,,,
64,16249,,,,0.8565000295639038,0.45287755131721497
64,16249,0.8589823842048645,,0.45150795578956604,,
65,16259,,0.75,,,
65,16269,,0.78125,,,
65,16279,,0.78125,,,
65,16289,,0.90625,,,
65,16299,,0.9375,,,
65,16309,,0.8125,,,
65,16319,,0.84375,,,
65,16329,,0.90625,,,
65,16339,,0.875,,,
65,16349,,0.84375,,,
65,16359,,0.875,,,
65,16369,,0.875,,,
65,16379,,0.90625,,,
65,16389,,0.90625,,,
65,16399,,0.90625,,,
65,16409,,0.84375,,,
65,16419,,0.8125,,,
65,16429,,0.90625,,,
65,16439,,0.90625,,,
65,16449,,0.8125,,,
65,16459,,0.78125,,,
65,16469,,0.78125,,,
65,16479,,0.90625,,,
65,16489,,0.875,,,
65,16499,,0.8387096524238586,,,
65,16499,,,,0.8569999933242798,0.4508587718009949
65,16499,0.8593574166297913,,0.4513729512691498,,
66,16509,,0.8125,,,
66,16519,,0.9375,,,
66,16529,,0.90625,,,
66,16539,,0.875,,,
66,16549,,0.8125,,,
66,16559,,0.8125,,,
66,16569,,0.8125,,,
66,16579,,0.78125,,,
66,16589,,0.78125,,,
66,16599,,0.78125,,,
66,16609,,0.875,,,
66,16619,,0.875,,,
66,16629,,0.90625,,,
66,16639,,0.8125,,,
66,16649,,0.875,,,
66,16659,,0.8125,,,
66,16669,,0.78125,,,
66,16679,,0.8125,,,
66,16689,,0.875,,,
66,16699,,0.8125,,,
66,16709,,0.875,,,
66,16719,,0.84375,,,
66,16729,,0.8125,,,
66,16739,,0.875,,,
66,16749,,0.9354838728904724,,,
66,16749,,,,0.8569999933242798,0.45249998569488525
66,16749,0.8543567657470703,,0.45596566796302795,,
67,16759,,0.8125,,,
67,16769,,0.90625,,,
67,16779,,0.96875,,,
67,16789,,0.84375,,,
67,16799,,0.84375,,,
67,16809,,0.84375,,,
67,16819,,0.90625,,,
67,16829,,0.84375,,,
67,16839,,0.875,,,
67,16849,,0.8125,,,
67,16859,,0.875,,,
67,16869,,0.78125,,,
67,16879,,0.84375,,,
67,16889,,0.96875,,,
67,16899,,0.9375,,,
67,16909,,0.84375,,,
67,16919,,0.84375,,,
67,16929,,0.875,,,
67,16939,,0.875,,,
67,16949,,0.84375,,,
67,16959,,0.875,,,
67,16969,,0.875,,,
67,16979,,0.84375,,,
67,16989,,0.8125,,,
67,16999,,0.9032257795333862,,,
67,16999,,,,0.8550000190734863,0.45470720529556274
67,16999,0.8572321534156799,,0.45230183005332947,,
68,17009,,0.90625,,,
68,17019,,0.875,,,
68,17029,,0.84375,,,
68,17039,,0.9375,,,
68,17049,,0.84375,,,
68,17059,,0.84375,,,
68,17069,,0.875,,,
68,17079,,0.90625,,,
68,17089,,0.875,,,
68,17099,,0.90625,,,
68,17109,,0.78125,,,
68,17119,,0.84375,,,
68,17129,,0.875,,,
68,17139,,0.8125,,,
68,17149,,0.71875,,,
68,17159,,0.9375,,,
68,17169,,0.84375,,,
68,17179,,0.78125,,,
68,17189,,0.875,,,
68,17199,,0.9375,,,
68,17209,,0.90625,,,
68,17219,,0.75,,,
68,17229,,0.875,,,
68,17239,,0.84375,,,
68,17249,,0.9677419066429138,,,
68,17249,,,,0.8575000166893005,0.4525415897369385
68,17249,0.8576071858406067,,0.4506397247314453,,
69,17259,,0.875,,,
69,17269,,0.875,,,
69,17279,,0.90625,,,
69,17289,,0.84375,,,
69,17299,,0.90625,,,
69,17309,,0.75,,,
69,17319,,0.90625,,,
69,17329,,0.90625,,,
69,17339,,0.90625,,,
69,17349,,0.84375,,,
69,17359,,0.9375,,,
69,17369,,0.8125,,,
69,17379,,0.84375,,,
69,17389,,0.8125,,,
69,17399,,0.9375,,,
69,17409,,0.875,,,
69,17419,,0.84375,,,
69,17429,,0.78125,,,
69,17439,,0.84375,,,
69,17449,,0.9375,,,
69,17459,,0.9375,,,
69,17469,,0.875,,,
69,17479,,1.0,,,
69,17489,,0.90625,,,
69,17499,,0.8064516186714172,,,
69,17499,,,,0.8519999980926514,0.4552614092826843
69,17499,0.8568571209907532,,0.4517764747142792,,
70,17509,,0.78125,,,
70,17519,,0.78125,,,
70,17529,,0.875,,,
70,17539,,0.9375,,,
70,17549,,0.9375,,,
70,17559,,0.875,,,
70,17569,,0.84375,,,
70,17579,,0.90625,,,
70,17589,,0.9375,,,
70,17599,,0.75,,,
70,17609,,0.84375,,,
70,17619,,0.90625,,,
70,17629,,0.84375,,,
70,17639,,0.90625,,,
70,17649,,0.9375,,,
70,17659,,0.84375,,,
70,17669,,0.90625,,,
70,17679,,0.71875,,,
70,17689,,0.90625,,,
70,17699,,0.875,,,
70,17709,,0.8125,,,
70,17719,,0.8125,,,
70,17729,,0.875,,,
70,17739,,0.875,,,
70,17749,,0.8709677457809448,,,
70,17749,,,,0.8495000004768372,0.4602263569831848
70,17749,0.8621077537536621,,0.4499225914478302,,
71,17759,,0.78125,,,
71,17769,,0.9375,,,
71,17779,,0.8125,,,
71,17789,,0.78125,,,
71,17799,,0.84375,,,
71,17809,,0.8125,,,
71,17819,,0.875,,,
71,17829,,0.875,,,
71,17839,,0.875,,,
71,17849,,0.78125,,,
71,17859,,0.75,,,
71,17869,,0.84375,,,
71,17879,,0.6875,,,
71,17889,,0.78125,,,
71,17899,,0.8125,,,
71,17909,,0.8125,,,
71,17919,,0.90625,,,
71,17929,,0.90625,,,
71,17939,,0.8125,,,
71,17949,,0.75,,,
71,17959,,0.90625,,,
71,17969,,0.8125,,,
71,17979,,0.875,,,
71,17989,,0.84375,,,
71,17999,,0.9032257795333862,,,
71,17999,,,,0.8565000295639038,0.4533938765525818
71,17999,0.8547318577766418,,0.4545879065990448,,
72,18009,,0.8125,,,
72,18019,,0.90625,,,
72,18029,,0.90625,,,
72,18039,,0.90625,,,
72,18049,,0.90625,,,
72,18059,,0.9375,,,
72,18069,,0.90625,,,
72,18079,,0.90625,,,
72,18089,,0.90625,,,
72,18099,,0.78125,,,
72,18109,,0.71875,,,
72,18119,,0.71875,,,
72,18129,,0.90625,,,
72,18139,,0.90625,,,
72,18149,,0.84375,,,
72,18159,,0.84375,,,
72,18169,,0.875,,,
72,18179,,0.8125,,,
72,18189,,0.78125,,,
72,18199,,0.90625,,,
72,18209,,0.65625,,,
72,18219,,0.75,,,
72,18229,,0.96875,,,
72,18239,,0.8125,,,
72,18249,,0.8387096524238586,,,
72,18249,,,,0.8514999747276306,0.45610418915748596
72,18249,0.858357310295105,,0.451071560382843,,
73,18259,,0.71875,,,
73,18269,,0.90625,,,
73,18279,,0.75,,,
73,18289,,0.90625,,,
73,18299,,0.9375,,,
73,18309,,0.8125,,,
73,18319,,0.9375,,,
73,18329,,0.84375,,,
73,18339,,0.8125,,,
73,18349,,0.90625,,,
73,18359,,0.84375,,,
73,18369,,0.78125,,,
73,18379,,0.8125,,,
73,18389,,0.9375,,,
73,18399,,0.84375,,,
73,18409,,0.90625,,,
73,18419,,0.90625,,,
73,18429,,0.84375,,,
73,18439,,0.8125,,,
73,18449,,0.8125,,,
73,18459,,0.96875,,,
73,18469,,0.90625,,,
73,18479,,0.9375,,,
73,18489,,0.875,,,
73,18499,,0.9354838728904724,,,
73,18499,,,,0.8525000214576721,0.4540160894393921
73,18499,0.8577322363853455,,0.45147624611854553,,
74,18509,,0.90625,,,
74,18519,,0.84375,,,
74,18529,,0.71875,,,
74,18539,,0.78125,,,
74,18549,,0.9375,,,
74,18559,,0.84375,,,
74,18569,,0.875,,,
74,18579,,0.96875,,,
74,18589,,0.84375,,,
74,18599,,0.875,,,
74,18609,,0.78125,,,
74,18619,,0.9375,,,
74,18629,,0.90625,,,
74,18639,,0.78125,,,
74,18649,,0.875,,,
74,18659,,0.875,,,
74,18669,,0.8125,,,
74,18679,,0.90625,,,
74,18689,,0.84375,,,
74,18699,,0.90625,,,
74,18709,,0.84375,,,
74,18719,,0.84375,,,
74,18729,,0.75,,,
74,18739,,0.90625,,,
74,18749,,0.9032257795333862,,,
74,18749,,,,0.8565000295639038,0.45223110914230347
74,18749,0.8568571209907532,,0.45163488388061523,,
75,18759,,0.875,,,
75,18769,,0.875,,,
75,18779,,0.875,,,
75,18789,,0.84375,,,
75,18799,,0.96875,,,
75,18809,,0.90625,,,
75,18819,,0.9375,,,
75,18829,,0.84375,,,
75,18839,,0.875,,,
75,18849,,0.90625,,,
75,18859,,0.84375,,,
75,18869,,0.875,,,
75,18879,,0.875,,,
75,18889,,0.84375,,,
75,18899,,0.8125,,,
75,18909,,0.875,,,
75,18919,,0.875,,,
75,18929,,0.875,,,
75,18939,,0.71875,,,
75,18949,,0.8125,,,
75,18959,,0.9375,,,
75,18969,,0.8125,,,
75,18979,,0.9375,,,
75,18989,,0.84375,,,
75,18999,,0.8709677457809448,,,
75,18999,,,,0.8539999723434448,0.45449233055114746
75,18999,0.8621077537536621,,0.44860732555389404,,
76,19009,,0.84375,,,
76,19019,,0.90625,,,
76,19029,,0.90625,,,
76,19039,,0.84375,,,
76,19049,,0.8125,,,
76,19059,,0.875,,,
76,19069,,0.90625,,,
76,19079,,0.90625,,,
76,19089,,0.875,,,
76,19099,,0.84375,,,
76,19109,,0.75,,,
76,19119,,0.84375,,,
76,19129,,0.9375,,,
76,19139,,0.90625,,,
76,19149,,0.875,,,
76,19159,,0.875,,,
76,19169,,0.84375,,,
76,19179,,0.84375,,,
76,19189,,1.0,,,
76,19199,,0.9375,,,
76,19209,,0.78125,,,
76,19219,,0.875,,,
76,19229,,0.9375,,,
76,19239,,0.90625,,,
76,19249,,0.774193525314331,,,
76,19249,,,,0.8504999876022339,0.45701590180397034
76,19249,0.8547318577766418,,0.4569394886493683,,
77,19259,,0.8125,,,
77,19269,,0.9375,,,
77,19279,,0.84375,,,
77,19289,,0.875,,,
77,19299,,0.90625,,,
77,19309,,0.78125,,,
77,19319,,0.875,,,
77,19329,,0.9375,,,
77,19339,,0.9375,,,
77,19349,,0.8125,,,
77,19359,,0.875,,,
77,19369,,0.8125,,,
77,19379,,0.90625,,,
77,19389,,0.90625,,,
77,19399,,0.875,,,
77,19409,,0.96875,,,
77,19419,,0.90625,,,
77,19429,,0.75,,,
77,19439,,0.84375,,,
77,19449,,0.90625,,,
77,19459,,0.84375,,,
77,19469,,0.9375,,,
77,19479,,0.875,,,
77,19489,,0.90625,,,
77,19499,,0.8064516186714172,,,
77,19499,,,,0.8500000238418579,0.457589715719223
77,19499,0.8551068902015686,,0.4550859332084656,,
78,19509,,0.875,,,
78,19519,,0.90625,,,
78,19529,,0.78125,,,
78,19539,,0.75,,,
78,19549,,0.875,,,
78,19559,,0.84375,,,
78,19569,,0.9375,,,
78,19579,,0.84375,,,
78,19589,,0.9375,,,
78,19599,,0.84375,,,
78,19609,,0.875,,,
78,19619,,0.78125,,,
78,19629,,0.84375,,,
78,19639,,0.875,,,
78,19649,,0.90625,,,
78,19659,,0.84375,,,
78,19669,,0.8125,,,
78,19679,,0.71875,,,
78,19689,,0.84375,,,
78,19699,,0.96875,,,
78,19709,,0.75,,,
78,19719,,0.9375,,,
78,19729,,0.78125,,,
78,19739,,0.84375,,,
78,19749,,0.774193525314331,,,
78,19749,,,,0.8579999804496765,0.45019906759262085
78,19749,0.8547318577766418,,0.45329421758651733,,
79,19759,,0.8125,,,
79,19769,,0.875,,,
79,19779,,0.8125,,,
79,19789,,0.8125,,,
79,19799,,0.9375,,,
79,19809,,0.78125,,,
79,19819,,0.90625,,,
79,19829,,0.84375,,,
79,19839,,0.8125,,,
79,19849,,0.875,,,
79,19859,,0.8125,,,
79,19869,,0.75,,,
79,19879,,0.96875,,,
79,19889,,0.90625,,,
79,19899,,0.8125,,,
79,19909,,0.875,,,
79,19919,,0.96875,,,
79,19929,,0.9375,,,
79,19939,,0.84375,,,
79,19949,,0.8125,,,
79,19959,,0.9375,,,
79,19969,,0.8125,,,
79,19979,,0.75,,,
79,19989,,0.8125,,,
79,19999,,0.8387096524238586,,,
79,19999,,,,0.8544999957084656,0.45483046770095825
79,19999,0.859732449054718,,0.44988277554512024,,
80,20009,,0.9375,,,
80,20019,,0.71875,,,
80,20029,,0.90625,,,
80,20039,,0.875,,,
80,20049,,0.8125,,,
80,20059,,0.84375,,,
80,20069,,0.90625,,,
80,20079,,0.8125,,,
80,20089,,0.84375,,,
80,20099,,0.8125,,,
80,20109,,0.84375,,,
80,20119,,0.84375,,,
80,20129,,0.90625,,,
80,20139,,0.875,,,
80,20149,,0.875,,,
80,20159,,0.90625,,,
80,20169,,0.9375,,,
80,20179,,0.78125,,,
80,20189,,0.8125,,,
80,20199,,0.84375,,,
80,20209,,0.84375,,,
80,20219,,0.875,,,
80,20229,,0.75,,,
80,20239,,0.84375,,,
80,20249,,0.9032257795333862,,,
80,20249,,,,0.8560000061988831,0.4531855583190918
80,20249,0.8567320704460144,,0.4529007375240326,,
81,20259,,0.84375,,,
81,20269,,0.90625,,,
81,20279,,1.0,,,
81,20289,,0.71875,,,
81,20299,,0.84375,,,
81,20309,,0.78125,,,
81,20319,,0.84375,,,
81,20329,,0.9375,,,
81,20339,,0.8125,,,
81,20349,,0.8125,,,
81,20359,,0.90625,,,
81,20369,,0.875,,,
81,20379,,0.9375,,,
81,20389,,0.84375,,,
81,20399,,0.8125,,,
81,20409,,0.84375,,,
81,20419,,0.875,,,
81,20429,,0.78125,,,
81,20439,,0.84375,,,
81,20449,,0.78125,,,
81,20459,,0.84375,,,
81,20469,,0.78125,,,
81,20479,,0.90625,,,
81,20489,,0.84375,,,
81,20499,,0.774193525314331,,,
81,20499,,,,0.8585000038146973,0.4519082307815552
81,20499,0.8529816269874573,,0.4554286003112793,,
82,20509,,0.84375,,,
82,20519,,0.78125,,,
82,20529,,0.90625,,,
82,20539,,0.9375,,,
82,20549,,0.90625,,,
82,20559,,0.96875,,,
82,20569,,0.9375,,,
82,20579,,0.875,,,
82,20589,,0.875,,,
82,20599,,0.9375,,,
82,20609,,0.71875,,,
82,20619,,0.875,,,
82,20629,,0.90625,,,
82,20639,,0.9375,,,
82,20649,,0.78125,,,
82,20659,,0.84375,,,
82,20669,,0.90625,,,
82,20679,,0.75,,,
82,20689,,0.84375,,,
82,20699,,0.78125,,,
82,20709,,0.8125,,,
82,20719,,0.875,,,
82,20729,,0.78125,,,
82,20739,,0.875,,,
82,20749,,0.8387096524238586,,,
82,20749,,,,0.8539999723434448,0.4547644555568695
82,20749,0.8612326383590698,,0.44913071393966675,,
83,20759,,0.875,,,
83,20769,,0.90625,,,
83,20779,,0.84375,,,
83,20789,,0.84375,,,
83,20799,,0.78125,,,
83,20809,,0.8125,,,
83,20819,,0.84375,,,
83,20829,,0.8125,,,
83,20839,,0.8125,,,
83,20849,,0.84375,,,
83,20859,,0.8125,,,
83,20869,,0.90625,,,
83,20879,,0.90625,,,
83,20889,,0.9375,,,
83,20899,,0.875,,,
83,20909,,0.90625,,,
83,20919,,0.78125,,,
83,20929,,0.90625,,,
83,20939,,0.8125,,,
83,20949,,0.71875,,,
83,20959,,0.9375,,,
83,20969,,0.90625,,,
83,20979,,0.78125,,,
83,20989,,0.90625,,,
83,20999,,0.8709677457809448,,,
83,20999,,,,0.8475000262260437,0.45897412300109863
83,20999,0.8577322363853455,,0.450959712266922,,
84,21009,,0.9375,,,
84,21019,,0.8125,,,
84,21029,,0.875,,,
84,21039,,0.875,,,
84,21049,,0.875,,,
84,21059,,0.9375,,,
84,21069,,0.96875,,,
84,21079,,0.9375,,,
84,21089,,0.875,,,
84,21099,,0.96875,,,
84,21109,,0.8125,,,
84,21119,,0.9375,,,
84,21129,,0.84375,,,
84,21139,,0.8125,,,
84,21149,,0.75,,,
84,21159,,0.8125,,,
84,21169,,0.875,,,
84,21179,,0.84375,,,
84,21189,,0.78125,,,
84,21199,,0.6875,,,
84,21209,,0.875,,,
84,21219,,0.84375,,,
84,21229,,0.84375,,,
84,21239,,0.71875,,,
84,21249,,0.8064516186714172,,,
84,21249,,,,0.843999981880188,0.4646124541759491
84,21249,0.8554819226264954,,0.4540664255619049,,
85,21259,,0.75,,,
85,21269,,0.9375,,,
85,21279,,0.875,,,
85,21289,,0.9375,,,
85,21299,,0.84375,,,
85,21309,,0.90625,,,
85,21319,,0.875,,,
85,21329,,0.78125,,,
85,21339,,0.90625,,,
85,21349,,0.96875,,,
85,21359,,0.90625,,,
85,21369,,0.90625,,,
85,21379,,1.0,,,
85,21389,,0.8125,,,
85,21399,,0.96875,,,
85,21409,,0.78125,,,
85,21419,,0.71875,,,
85,21429,,0.8125,,,
85,21439,,0.875,,,
85,21449,,0.875,,,
85,21459,,0.9375,,,
85,21469,,0.8125,,,
85,21479,,0.84375,,,
85,21489,,0.84375,,,
85,21499,,0.8064516186714172,,,
85,21499,,,,0.8504999876022339,0.4581311047077179
85,21499,0.8576071858406067,,0.4524831771850586,,
86,21509,,0.875,,,
86,21519,,0.84375,,,
86,21529,,0.875,,,
86,21539,,0.8125,,,
86,21549,,0.875,,,
86,21559,,0.875,,,
86,21569,,0.875,,,
86,21579,,0.90625,,,
86,21589,,0.8125,,,
86,21599,,0.84375,,,
86,21609,,0.8125,,,
86,21619,,0.875,,,
86,21629,,0.875,,,
86,21639,,0.8125,,,
86,21649,,0.84375,,,
86,21659,,0.96875,,,
86,21669,,0.84375,,,
86,21679,,0.9375,,,
86,21689,,0.90625,,,
86,21699,,0.96875,,,
86,21709,,0.65625,,,
86,21719,,0.84375,,,
86,21729,,0.90625,,,
86,21739,,0.84375,,,
86,21749,,0.9354838728904724,,,
86,21749,,,,0.8529999852180481,0.4559957683086395
86,21749,0.858482301235199,,0.45204323530197144,,
87,21759,,0.78125,,,
87,21769,,0.8125,,,
87,21779,,0.8125,,,
87,21789,,0.875,,,
87,21799,,0.8125,,,
87,21809,,0.84375,,,
87,21819,,0.84375,,,
87,21829,,0.8125,,,
87,21839,,0.78125,,,
87,21849,,0.84375,,,
87,21859,,0.84375,,,
87,21869,,0.8125,,,
87,21879,,0.9375,,,
87,21889,,0.6875,,,
87,21899,,0.90625,,,
87,21909,,0.78125,,,
87,21919,,0.90625,,,
87,21929,,0.78125,,,
87,21939,,0.84375,,,
87,21949,,0.75,,,
87,21959,,0.875,,,
87,21969,,0.78125,,,
87,21979,,0.90625,,,
87,21989,,0.8125,,,
87,21999,,0.9032257795333862,,,
87,21999,,,,0.8579999804496765,0.4529738426208496
87,21999,0.8523565530776978,,0.4565294086933136,,
88,22009,,0.8125,,,
88,22019,,0.90625,,,
88,22029,,0.96875,,,
88,22039,,0.9375,,,
88,22049,,0.8125,,,
88,22059,,0.9375,,,
88,22069,,0.875,,,
88,22079,,0.9375,,,
88,22089,,0.9375,,,
88,22099,,0.84375,,,
88,22109,,0.75,,,
88,22119,,0.90625,,,
88,22129,,0.78125,,,
88,22139,,0.875,,,
88,22149,,0.9375,,,
88,22159,,0.96875,,,
88,22169,,0.90625,,,
88,22179,,0.84375,,,
88,22189,,0.9375,,,
88,22199,,0.90625,,,
88,22209,,0.84375,,,
88,22219,,0.75,,,
88,22229,,0.84375,,,
88,22239,,0.8125,,,
88,22249,,0.9677419066429138,,,
88,22249,,,,0.8504999876022339,0.4600619971752167
88,22249,0.8563570380210876,,0.4545867443084717,,
89,22259,,0.875,,,
89,22269,,0.75,,,
89,22279,,0.90625,,,
89,22289,,0.96875,,,
89,22299,,0.875,,,
89,22309,,0.8125,,,
89,22319,,0.84375,,,
89,22329,,0.6875,,,
89,22339,,0.84375,,,
89,22349,,0.8125,,,
89,22359,,0.90625,,,
89,22369,,0.9375,,,
89,22379,,0.78125,,,
89,22389,,0.875,,,
89,22399,,0.90625,,,
89,22409,,0.875,,,
89,22419,,0.875,,,
89,22429,,0.90625,,,
89,22439,,0.84375,,,
89,22449,,0.84375,,,
89,22459,,0.9375,,,
89,22469,,0.96875,,,
89,22479,,0.84375,,,
89,22489,,0.875,,,
89,22499,,0.9032257795333862,,,
89,22499,,,,0.8525000214576721,0.45914068818092346
89,22499,0.8576071858406067,,0.4524983763694763,,
90,22509,,0.96875,,,
90,22519,,0.90625,,,
90,22529,,0.9375,,,
90,22539,,0.875,,,
90,22549,,0.90625,,,
90,22559,,0.78125,,,
90,22569,,0.8125,,,
90,22579,,0.84375,,,
90,22589,,0.8125,,,
90,22599,,0.875,,,
90,22609,,0.8125,,,
90,22619,,0.78125,,,
90,22629,,0.875,,,
90,22639,,0.90625,,,
90,22649,,0.8125,,,
90,22659,,0.875,,,
90,22669,,0.8125,,,
90,22679,,0.9375,,,
90,22689,,0.78125,,,
90,22699,,0.875,,,
90,22709,,0.78125,,,
90,22719,,0.8125,,,
90,22729,,0.84375,,,
90,22739,,0.90625,,,
90,22749,,0.774193525314331,,,
90,22749,,,,0.8479999899864197,0.4595112204551697
90,22749,0.8568571209907532,,0.45327630639076233,,
91,22759,,0.9375,,,
91,22769,,0.71875,,,
91,22779,,0.90625,,,
91,22789,,1.0,,,
91,22799,,0.9375,,,
91,22809,,0.875,,,
91,22819,,0.84375,,,
91,22829,,0.9375,,,
91,22839,,0.9375,,,
91,22849,,0.84375,,,
91,22859,,0.9375,,,
91,22869,,0.875,,,
91,22879,,0.8125,,,
91,22889,,0.8125,,,
91,22899,,0.84375,,,
91,22909,,0.6875,,,
91,22919,,0.78125,,,
91,22929,,0.78125,,,
91,22939,,0.8125,,,
91,22949,,0.84375,,,
91,22959,,0.78125,,,
91,22969,,0.84375,,,
91,22979,,0.84375,,,
91,22989,,0.90625,,,
91,22999,,0.8709677457809448,,,
91,22999,,,,0.8510000109672546,0.4586229920387268
91,22999,0.8577322363853455,,0.453691691160202,,
92,23009,,0.8125,,,
92,23019,,0.84375,,,
92,23029,,0.84375,,,
92,23039,,0.84375,,,
92,23049,,0.71875,,,
92,23059,,0.8125,,,
92,23069,,0.78125,,,
92,23079,,0.84375,,,
92,23089,,0.90625,,,
92,23099,,0.75,,,
92,23109,,0.78125,,,
92,23119,,0.8125,,,
92,23129,,0.84375,,,
92,23139,,0.875,,,
92,23149,,0.875,,,
92,23159,,0.9375,,,
92,23169,,0.90625,,,
92,23179,,0.90625,,,
92,23189,,0.75,,,
92,23199,,0.78125,,,
92,23209,,0.9375,,,
92,23219,,0.78125,,,
92,23229,,0.75,,,
92,23239,,0.875,,,
92,23249,,0.8387096524238586,,,
92,23249,,,,0.8495000004768372,0.46080654859542847
92,23249,0.8603575229644775,,0.45165857672691345,,
93,23259,,0.84375,,,
93,23269,,0.75,,,
93,23279,,0.84375,,,
93,23289,,0.90625,,,
93,23299,,0.875,,,
93,23309,,0.875,,,
93,23319,,0.90625,,,
93,23329,,0.78125,,,
93,23339,,0.90625,,,
93,23349,,0.84375,,,
93,23359,,0.9375,,,
93,23369,,0.875,,,
93,23379,,0.84375,,,
93,23389,,0.875,,,
93,23399,,0.84375,,,
93,23409,,0.90625,,,
93,23419,,0.90625,,,
93,23429,,0.90625,,,
93,23439,,0.875,,,
93,23449,,0.875,,,
93,23459,,0.8125,,,
93,23469,,0.78125,,,
93,23479,,0.90625,,,
93,23489,,0.90625,,,
93,23499,,0.9032257795333862,,,
93,23499,,,,0.8554999828338623,0.45586371421813965
93,23499,0.8548568487167358,,0.4553312361240387,,
94,23509,,0.6875,,,
94,23519,,0.75,,,
94,23529,,0.8125,,,
94,23539,,0.84375,,,
94,23549,,0.84375,,,
94,23559,,0.9375,,,
94,23569,,0.90625,,,
94,23579,,0.90625,,,
94,23589,,0.875,,,
94,23599,,0.875,,,
94,23609,,0.90625,,,
94,23619,,0.9375,,,
94,23629,,0.9375,,,
94,23639,,0.84375,,,
94,23649,,0.84375,,,
94,23659,,0.875,,,
94,23669,,0.8125,,,
94,23679,,0.875,,,
94,23689,,0.84375,,,
94,23699,,0.84375,,,
94,23709,,0.90625,,,
94,23719,,0.84375,,,
94,23729,,0.84375,,,
94,23739,,0.8125,,,
94,23749,,0.8064516186714172,,,
94,23749,,,,0.8510000109672546,0.4589671492576599
94,23749,0.8539817333221436,,0.4569600522518158,,
95,23759,,0.78125,,,
95,23769,,0.875,,,
95,23779,,0.78125,,,
95,23789,,0.75,,,
95,23799,,0.875,,,
95,23809,,0.875,,,
95,23819,,0.875,,,
95,23829,,0.90625,,,
95,23839,,0.84375,,,
95,23849,,0.90625,,,
95,23859,,0.90625,,,
95,23869,,0.78125,,,
95,23879,,0.8125,,,
95,23889,,0.84375,,,
95,23899,,0.875,,,
95,23909,,0.84375,,,
95,23919,,0.84375,,,
95,23929,,0.84375,,,
95,23939,,0.78125,,,
95,23949,,0.90625,,,
95,23959,,0.8125,,,
95,23969,,0.90625,,,
95,23979,,0.78125,,,
95,23989,,0.9375,,,
95,23999,,0.8387096524238586,,,
95,23999,,,,0.843999981880188,0.4668499529361725
95,23999,0.8524815440177917,,0.45971986651420593,,
96,24009,,0.75,,,
96,24019,,0.71875,,,
96,24029,,0.875,,,
96,24039,,0.875,,,
96,24049,,0.84375,,,
96,24059,,0.875,,,
96,24069,,0.8125,,,
96,24079,,0.8125,,,
96,24089,,0.90625,,,
96,24099,,0.8125,,,
96,24109,,0.84375,,,
96,24119,,0.90625,,,
96,24129,,0.875,,,
96,24139,,0.78125,,,
96,24149,,0.8125,,,
96,24159,,0.78125,,,
96,24169,,0.90625,,,
96,24179,,0.875,,,
96,24189,,0.8125,,,
96,24199,,0.8125,,,
96,24209,,0.875,,,
96,24219,,0.875,,,
96,24229,,0.96875,,,
96,24239,,0.84375,,,
96,24249,,0.9032257795333862,,,
96,24249,,,,0.8544999957084656,0.45630621910095215
96,24249,0.8541067838668823,,0.45735254883766174,,
97,24259,,0.9375,,,
97,24269,,0.8125,,,
97,24279,,0.875,,,
97,24289,,0.8125,,,
97,24299,,0.78125,,,
97,24309,,0.78125,,,
97,24319,,0.90625,,,
97,24329,,0.75,,,
97,24339,,0.8125,,,
97,24349,,0.8125,,,
97,24359,,0.71875,,,
97,24369,,0.6875,,,
97,24379,,0.84375,,,
97,24389,,0.90625,,,
97,24399,,0.875,,,
97,24409,,0.84375,,,
97,24419,,0.9375,,,
97,24429,,0.84375,,,
97,24439,,0.90625,,,
97,24449,,0.84375,,,
97,24459,,0.875,,,
97,24469,,0.9375,,,
97,24479,,0.84375,,,
97,24489,,0.84375,,,
97,24499,,0.8387096524238586,,,
97,24499,,,,0.8514999747276306,0.46069395542144775
97,24499,0.8557319641113281,,0.4546889066696167,,
98,24509,,0.875,,,
98,24519,,0.78125,,,
98,24529,,0.84375,,,
98,24539,,0.96875,,,
98,24549,,0.9375,,,
98,24559,,0.90625,,,
98,24569,,0.875,,,
98,24579,,0.8125,,,
98,24589,,0.8125,,,
98,24599,,0.96875,,,
98,24609,,0.75,,,
98,24619,,0.75,,,
98,24629,,0.9375,,,
98,24639,,0.875,,,
98,24649,,0.90625,,,
98,24659,,1.0,,,
98,24669,,0.875,,,
98,24679,,0.90625,,,
98,24689,,0.875,,,
98,24699,,0.90625,,,
98,24709,,0.96875,,,
98,24719,,0.8125,,,
98,24729,,0.90625,,,
98,24739,,0.84375,,,
98,24749,,0.9032257795333862,,,
98,24749,,,,0.843999981880188,0.4666895568370819
98,24749,0.8578572273254395,,0.45192521810531616,,
99,24759,,0.8125,,,
99,24769,,0.875,,,
99,24779,,0.90625,,,
99,24789,,0.84375,,,
99,24799,,0.90625,,,
99,24809,,0.875,,,
99,24819,,0.78125,,,
99,24829,,0.875,,,
99,24839,,0.78125,,,
99,24849,,0.8125,,,
99,24859,,0.9375,,,
99,24869,,0.90625,,,
99,24879,,0.84375,,,
99,24889,,0.875,,,
99,24899,,0.9375,,,
99,24909,,0.8125,,,
99,24919,,0.78125,,,
99,24929,,0.875,,,
99,24939,,0.90625,,,
99,24949,,0.90625,,,
99,24959,,0.875,,,
99,24969,,0.90625,,,
99,24979,,0.8125,,,
99,24989,,0.84375,,,
99,24999,,0.9032257795333862,,,
99,24999,,,,0.8489999771118164,0.4592345058917999
99,24999,0.8577322363853455,,0.45348402857780457,,
